kg/unit,Steel,Aluminium,Concrete,Plastics,Glass,Cu,Pb,Asphalt,Zn,Wood,Ni,Co,Mn,Nd
Hv Substation,14652.055,33204.29,123900,302.035,0.05,4611.388,0.002,0,4.105,3005,7.5,0,0,0
Mv Substation,1814.583333,1228.333333,127020.8333,0,0,279.1666667,0,0,0,0,0,0,0,0
Lv Substation,38.42013462,1228.333333,476.328125,0,0,0.543941612,0,0,0,0,0,0,0,0
Hv Transformer,295999,496.75,648000,0,0,76047,0,0,0,3750,0,0,0,0
Mv Transformer,22658.83333,21,46825.55556,0,0,6877.27,0.088333333,0,3.975,231.0833333,0,0,0,0
Lv Transformer,479.755,84.905,175.5958333,0,0,13.4,0,0,0,0,0,0,0,0
